<?xml version='1.0' encoding='UTF-8'?>
<queries>
	
	<query name="FKEY_001">
	<![CDATA[ 
		select ccy as value , ccy as text from (SELECT distinct cline_type_code,TRIM(REGEXP_SUBSTR( ALLOWED_CROSS_CCY, '[^,]+', 1, LEVEL)) as ccy FROM bs_lm_cline_type 
		CONNECT BY LEVEL <= LENGTH(REGEXP_REPLACE(ALLOWED_CROSS_CCY, '[^,]+')) + 1
		AND PRIOR DBMS_RANDOM.VALUE IS NOT NULL) where cline_type_code=?
	]]>
	</query>
	
	<query name="FKEY_GETENTITY">
	<![CDATA[ 
		Select ENTITY_CODE as value ,ENTITY_NAME as text from TB_Entity
	]]>
	</query>
	<query name="FKEY_GETLETTER">
	<![CDATA[ 
		Select LETTER_ID as value ,LETTER_CODE as text from LG_LETTER_BKP
	]]>
	</query>
	<query name="FKEY_GETCMP">
	<![CDATA[ 
		Select CMP_ID as value ,CMP_CODE as text from CMP_BKP
	]]>
	</query>
	<query name="WD_GETAPP">
	<![CDATA[ 
		SELECT APPLICATIONID AS VALUE,APPLICATIONLABEL AS TEXT FROM OW_APPLICATION WHERE APPLICATIONID IN (SELECT APPLICATIONID FROM TB_USER_APP_DETAIL WHERE USERID=?)
	]]>
	</query>
	<query name="WD_GETENQUIRY">
	<![CDATA[ 
		SELECT ENQ_ID AS VALUE,ENQUIRY_CODE AS TEXT FROM TB_ENQ_MASTER WHERE APPLICATIONID = ?
	]]>
	</query>
	<query name="WD_GETREFENTITY">
	<![CDATA[ 
		SELECT ITEMTYPEID AS VALUE,ITEMTYPELABEL AS TEXT FROM OW_ITEMTYPE WHERE REFERENCE_DATA_ENTITY='Y' AND APPLICATIONID = ?
	]]>
	</query>
	<query name="FKEY_LANGUAGES">
	<![CDATA[ 
		SELECT LANG_CODE, LANG_NAME FROM V_LANGUAGE_MASTER
	]]>
	</query>
	<query name="FKEY_GETCOUNTRY">
	<![CDATA[ 
		SELECT COUNTRY_CODE AS VALUE, COUNTRY_NAME AS TEXT FROM TB_ENTITY_COUNTRY WHERE ENTITY_CODE = ?
	]]>
	</query>
	<query name="FKEY_GETCOUNTRY_ALL">
	<![CDATA[ 
		SELECT COUNTRY_CODE AS VALUE, COUNTRY_NAME AS TEXT FROM TB_ENTITY_COUNTRY
	]]>
	</query>
	<query name="WD_GETWIDGETTYPES">
	<![CDATA[ 
		SELECT WIDGET_TYPE_CODE AS VALUE, WIDGET_TYPE_NAME AS TEXT FROM TB_WDZ_WIDGET_TYPES
	]]>
	</query>
	<query name="EXT_GET_EVENT_TYPES">
	<![CDATA[ 
		SELECT EVENT_TYPE_CODE AS VALUE ,EVENT_TYPE_CAPTION AS TEXT FROM TB_COMP_EVENT_TYPES ORDER BY EVENT_TYPE_CAPTION
	]]>
	</query>
	<query name="EXT_GET_EVENTS">
	<![CDATA[ 
		SELECT VALUE , TEXT FROM( SELECT A.EVENT_CODE AS VALUE ,  A.EVENT_NAME  AS TEXT, 'BusinessEvent' AS EVENT_TYPE  FROM TB_BUSINESS_EVENTS A JOIN TB_BUSINESS_EVENTS_DTL B ON A.EVENT_CODE = B.EVENT_CODE AND B.ENC_ID =? AND A.APP_ID =? UNION SELECT CE.EVENT_CODE AS VALUE, CE.EVENT_CAPTION    AS TEXT, EVENT_TYPE_CODE AS EVENT_TYPE  FROM TB_COMP_EVENTS CE WHERE REGEXP_LIKE (CE.ENC_TYPES,?)) WHERE EVENT_TYPE = ? ORDER BY VALUE
	]]>
	</query>
	<query name="EXT_GET_EVENT_TYPES_INVOCATION">
	<![CDATA[ 
		SELECT EVENT_TYPE_CODE AS VALUE ,EVENT_TYPE_CAPTION AS TEXT FROM TB_COMP_EVENT_TYPES WHERE REGEXP_LIKE (ENC_TYPES,?) ORDER BY EVENT_TYPE_CAPTION
	]]>
	</query>
	<query name="EXT_GET_EVENTS_INVOCATION">
	<![CDATA[ 
		SELECT VALUE , TEXT FROM( SELECT A.EVENT_CODE AS VALUE ,  A.EVENT_NAME  AS TEXT, 'BusinessEvent' AS EVENT_TYPE  FROM TB_BUSINESS_EVENTS A JOIN TB_BUSINESS_EVENTS_DTL B ON A.EVENT_CODE = B.EVENT_CODE AND B.ENC_ID =? AND A.APP_ID =? UNION SELECT CE.EVENT_CODE AS VALUE, CE.EVENT_CAPTION    AS TEXT, EVENT_TYPE_CODE AS EVENT_TYPE  FROM TB_COMP_EVENTS CE WHERE REGEXP_LIKE (CE.ENC_TYPES,?)) WHERE EVENT_TYPE = ? ORDER BY VALUE
	]]>
	</query>
	<query name="EXT_GET_COMPONENTS">
	<![CDATA[ 
		SELECT COMP_CODE AS VALUE FROM TB_COMPONENT
	]]>
	</query>
	<query name="EXT_GET_COMPONENTS_FOR_FIELDEVENTS">
	<![CDATA[ 
		SELECT COMP_CODE AS VALUE FROM TB_COMP_INV_ELEMENTS CIE JOIN TB_COMP_INVOCATION CI ON CIE.COMP_INVOCATION_ID = CI.COMP_INVOCATION_ID JOIN TB_DATAFIELD_MASTER DF ON CIE.ELEMENT_CODE = DF.FIELD_CODE   WHERE FIELD_CODE=? AND EVENT_TYPE=? AND EVENT=? AND ENC_ID=?
	]]>
	</query>
	<query name="EXT_GET_COMPONENTS_FOR_TABEVENTS">
	<![CDATA[ 
		SELECT COMP_CODE AS VALUE FROM TB_COMP_INV_ELEMENTS CIE  JOIN TB_COMP_INVOCATION CI ON CIE.COMP_INVOCATION_ID = CI.COMP_INVOCATION_ID JOIN TB_SCREEN_MASTER SM ON SM.ENC_ID = CI.ENC_ID AND SM.ENC_TYPE = CI.ENC_TYPE LEFT JOIN TB_SCREEN_TAB_MASTER STM ON STM.SCREEN_ID = SM.SCREEN_ID  WHERE TAB_CODE=? AND CI.EVENT_TYPE=? AND CI.EVENT=? AND ENC_ID=?
	]]>
	</query>
	<query name="EXT_GET_ELEMENTS_FOR_FIELD">
	<![CDATA[ 
		SELECT FIELD_CODE AS VALUE, FIELD_CODE AS TEXT FROM TB_COMP_INV_ELEMENTS CIE JOIN TB_COMP_INVOCATION CI ON CIE.COMP_INVOCATION_ID = CI.COMP_INVOCATION_ID JOIN TB_DATAFIELD_MASTER DF ON CIE.ELEMENT_CODE = DF.FIELD_CODE LEFT JOIN TB_DF_CC_MAPPING DFM ON DF.FIELD_ID = DFM.FIELD_ID LEFT JOIN TB_CONTROLCLASS_MASTER CC ON (CC.ID=DF.FIELD_ID AND CC.ID_TYPE='DF') OR (CC.ID=DFM.CC_ID AND CC.ID_TYPE='CC') WHERE EVENT_TYPE=? AND EVENT=? AND CC.CONTROL_TYPE NOT IN ('Grid Control','Hyper Link','Button') AND ENC_ID=?
	]]>
	</query>
	<query name="EXT_GET_ELEMENTS_FOR_GRID">
	<![CDATA[ 
		SELECT FIELD_CODE AS VALUE, FIELD_CODE AS TEXT FROM TB_COMP_INV_ELEMENTS CIE JOIN TB_COMP_INVOCATION CI ON CIE.COMP_INVOCATION_ID = CI.COMP_INVOCATION_ID JOIN TB_DATAFIELD_MASTER DF ON CIE.ELEMENT_CODE = DF.FIELD_CODE LEFT JOIN TB_DF_CC_MAPPING DFM ON DF.FIELD_ID = DFM.FIELD_ID LEFT JOIN TB_CONTROLCLASS_MASTER CC ON (CC.ID=DF.FIELD_ID AND CC.ID_TYPE='DF') OR (CC.ID=DFM.CC_ID AND CC.ID_TYPE='CC') WHERE EVENT_TYPE=? AND EVENT=? AND CC.CONTROL_TYPE = 'Grid Control' AND ENC_ID=?
	]]>
	</query>
	<query name="EXT_GET_ELEMENTS_FOR_HYPERLINK">
	<![CDATA[ 
		SELECT FIELD_CODE AS VALUE, FIELD_CODE AS TEXT FROM TB_COMP_INV_ELEMENTS CIE JOIN TB_COMP_INVOCATION CI ON CIE.COMP_INVOCATION_ID = CI.COMP_INVOCATION_ID JOIN TB_DATAFIELD_MASTER DF ON CIE.ELEMENT_CODE = DF.FIELD_CODE LEFT JOIN TB_DF_CC_MAPPING DFM ON DF.FIELD_ID = DFM.FIELD_ID LEFT JOIN TB_CONTROLCLASS_MASTER CC ON (CC.ID=DF.FIELD_ID AND CC.ID_TYPE='DF') OR (CC.ID=DFM.CC_ID AND CC.ID_TYPE='CC') WHERE EVENT_TYPE=? AND EVENT=? AND CC.CONTROL_TYPE = 'Hyper Link' AND ENC_ID=?
	]]>
	</query>
	<query name="EXT_GET_ELEMENTS_FOR_BUTTON">
	<![CDATA[ 
		SELECT FIELD_CODE AS VALUE, FIELD_CODE AS TEXT FROM TB_COMP_INV_ELEMENTS CIE JOIN TB_COMP_INVOCATION CI ON CIE.COMP_INVOCATION_ID = CI.COMP_INVOCATION_ID JOIN TB_DATAFIELD_MASTER DF ON CIE.ELEMENT_CODE = DF.FIELD_CODE LEFT JOIN TB_DF_CC_MAPPING DFM ON DF.FIELD_ID = DFM.FIELD_ID LEFT JOIN TB_CONTROLCLASS_MASTER CC ON (CC.ID=DF.FIELD_ID AND CC.ID_TYPE='DF') OR (CC.ID=DFM.CC_ID AND CC.ID_TYPE='CC') WHERE EVENT_TYPE=? AND EVENT=? AND CC.CONTROL_TYPE = 'Button' AND ENC_ID=?
	]]>
	</query>
	<query name="EXT_GET_ELEMENTS_FOR_TAB">
	<![CDATA[ 
		SELECT TAB_CODE AS VALUE, TAB_CODE AS TEXT FROM TB_COMP_INV_ELEMENTS CIE  JOIN TB_COMP_INVOCATION CI ON CIE.COMP_INVOCATION_ID = CI.COMP_INVOCATION_ID JOIN TB_SCREEN_MASTER SM ON SM.ENC_ID = CI.ENC_ID AND SM.ENC_TYPE = CI.ENC_TYPE LEFT JOIN TB_SCREEN_TAB_MASTER STM ON STM.SCREEN_ID = SM.SCREEN_ID  AND CI.EVENT_TYPE=? AND CI.EVENT=? AND ENC_ID=?
	]]>
	</query>
	<query name="EXT_GET_PRODUCTS">
	<![CDATA[ 
		SELECT DISTINCT ITEMTYPEID AS VALUE, ITEMTYPELABEL AS TEXT  FROM  OW_ITEMTYPE WHERE REFERENCE_DATA_ENTITY != 'Y' AND APPLICATIONID IN (?,'24747') ORDER BY ITEMTYPELABEL
	]]>
	</query>

	<query name="EXT_GET_PRODUCTS_UNLOCKWORKITEM">
	<![CDATA[ 
		SELECT DISTINCT ITEMTYPEID || '#' ||OPERATION_ENABLED  AS VALUE, ITEMTYPELABEL AS TEXT  FROM  OW_ITEMTYPE WHERE ITEMTYPEID!=0 AND itemtypeid=product_id AND reference_data_entity ='N' AND APPLICATIONID in (?) ORDER BY ITEMTYPELABEL
	]]>
	</query>

	<query name="EXT_GET_OPERATIONS_UNLOCKWORKITEM">
	<![CDATA[ 
		SELECT  DISTINCT A.OPERATION_ID AS VALUE ,A.OPERATION_NAME AS TEXT FROM TB_OPERATION_MASTER A,OW_ITEMTYPE B WHERE  A.OPERATION_ID = B.OPERATION_ID AND B.OPERATION_ID <>0 AND   B.PRODUCT_ID =? ORDER BY OPERATION_NAME
	]]>
	</query>

	<query name="EXT_GET_UIC">
	<![CDATA[ 
		SELECT DISTINCT UIC_ID AS VALUE, COMPONENT_NAME AS TEXT  FROM  TB_UIC_MASTER WHERE APPLICATIONID IN (?,'24747') ORDER BY COMPONENT_NAME
	]]>
	</query>
	<query name="EXT_GET_DOCUMENTS">
	<![CDATA[ 
		SELECT DISTINCT CATEGORYID AS VALUE, CATEGORYDESC AS TEXT FROM  TB_CATEGORY WHERE APPLICATIONID IN (?,'24747') ORDER BY CATEGORYDESC
	]]>
	</query>
	<query name="EXT_GET_REFENTITY">
	<![CDATA[ 
		SELECT DISTINCT ITEMTYPEID AS VALUE, ITEMTYPELABEL AS TEXT  FROM  OW_ITEMTYPE WHERE REFERENCE_DATA_ENTITY = 'Y' AND APPLICATIONID IN (?,'24747') ORDER BY ITEMTYPELABEL
	]]>
	</query>
	<query name="EXT_GET_OPERATIONS">
	<![CDATA[ 
		SELECT  DISTINCT B.ITEMTYPEID AS VALUE ,A.OPERATION_NAME AS TEXT FROM TB_OPERATION_MASTER A,OW_ITEMTYPE B WHERE  A.OPERATION_ID = B.OPERATION_ID AND B.OPERATION_ID <>0 AND   B.PRODUCT_ID = ?  ORDER BY OPERATION_NAME
	]]>
	</query>
	<query name="EXT_GET_ENQUIRY">
	<![CDATA[ 
		SELECT DISTINCT ENQ_ID AS VALUE, ENQUIRY_CODE AS TEXT FROM TB_ENQ_MASTER WHERE APPLICATIONID IN (?,'24747') ORDER BY ENQUIRY_CODE
	]]>
	</query>
	
	<query name="EXT_GET_TABLES">
	<![CDATA[ 
		SELECT PARAMETER_NAME AS VALUE, PARAMETER_NAME AS TEXT FROM TB_PARAMETER WHERE KEYFIELD1=? AND KEYFIELD2 IS NOT NULL
	]]>
	</query>
	
	<query name="EXT_GET_TIMEZONE">
	<![CDATA[ 
		 SELECT T.TIMEZONE_CODE AS VALUE,  ('[' || T.OFFSET || ']' || ' ' ||T.TIMEZONE_CODE || ' (' ||T.TIMEZONE_NAME || ')') AS TEXT FROM TB_TIMEZONES T, TB_COUNTRY_TIMEZONES CT WHERE t.timezone_code = ct.timezone_code AND ct.country_code = ? Order by TEXT ASC
	]]>
	</query>
	
	<query name="EXT_GET_TIMEZONE_LOCATION">
	<![CDATA[ 
		 SELECT T.TIMEZONE_CODE AS VALUE,  ('[' || T.OFFSET || ']' || ' ' ||T.TIMEZONE_CODE || ' (' ||T.TIMEZONE_NAME || ')')  AS TEXT FROM TB_TIMEZONES T,  TB_COUNTRY_TIMEZONES CT WHERE t.timezone_code = ct.timezone_code AND ct.country_code   = ? and EXISTS (SELECT * FROM TB_ENTITY E,TB_ENTITY_COUNTRY C WHERE E.ENTITY_CODE=C.ENTITY_CODE AND  E.ENTITY_CODE = ? AND E.MANDATE IN ('ECLB','ECB','ECL')  AND C.TIMEZONE_CODE IS NULL AND C.COUNTRY_CODE=? ) Order by TEXT ASC
	]]>
	</query>
	
	<query name="EXT_GET_TIMEZONE_BRANCH">
	<![CDATA[ 
		 SELECT T.TIMEZONE_CODE AS VALUE,  ('[' || T.OFFSET || ']' || ' ' ||T.TIMEZONE_CODE || ' (' ||T.TIMEZONE_NAME || ')') AS TEXT FROM TB_TIMEZONES T,  TB_COUNTRY_TIMEZONES CT WHERE t.timezone_code = ct.timezone_code AND ct.country_code   = ? and EXISTS (SELECT 1 FROM TB_ENTITY E,TB_ENTITY_COUNTRY C WHERE E.ENTITY_CODE=C.ENTITY_CODE AND  E.ENTITY_CODE = ? AND E.MANDATE IN ('ECLB','ECB') AND C.TIMEZONE_CODE IS NULL AND C.COUNTRY_CODE=? ) Order by TEXT ASC
	]]>
	</query>	

	<query name="EXT_GET_TIMEZONE_BRNENTITY_LOCATION">
	<![CDATA[ 
		SELECT T.TIMEZONE_CODE AS VALUE, ('[' || T.OFFSET || ']' || ' ' ||T.TIMEZONE_CODE || ' (' ||T.TIMEZONE_NAME  || ')') AS TEXT FROM TB_TIMEZONES T, TB_COUNTRY_TIMEZONES CT WHERE t.timezone_code = ct.timezone_code AND ct.country_code   = ? AND EXISTS ( SELECT 1 FROM TB_ENTITY E, TB_ENTITY_COUNTRY C WHERE E.ENTITY_CODE  =C.ENTITY_CODE AND E.MANDATE  = 'ECLB' AND C.TIMEZONE_CODE IS NULL AND E.ENTITY_CODE    = ? AND C.COUNTRY_CODE   =? AND EXISTS (SELECT 1 FROM TB_ENTITY E, TB_ENTITY_COUNTRY C, OW_LOCATION L WHERE E.ENTITY_CODE =L.ENTITY_CODE AND E.ENTITY_CODE =C.ENTITY_CODE AND C.COUNTRY_CODE =L.COUNTRY_CODE AND E.MANDATE   = 'ECLB'   AND L.TIMEZONECODE IS NULL AND E.ENTITY_CODE   = ? AND L.COUNTRY_CODE  =? AND L.LOCATION_CODE  =? )) ORDER BY TEXT ASC
	]]>
	</query>

	<query name="FKEY_GETLANG">
	<![CDATA[ 
		Select LANG_SNAME as value,LANG_NAME as text from V_LANGUAGE_MASTER where COUNTRY_CODE =?
	]]>
	</query>
	
	<query name="EXT_GET_ELEMENT_PROPERTY">
	<![CDATA[ 
		SELECT DISTINCT ENTITY_PROPERTY AS VALUE,ENTITY_PROPERTY AS TEXT FROM TB_MULTILANG_MASTER WHERE ENTITY_NAME = 'DATAFIELDDEF'
	]]>
	</query>
	
	<query name="EXT_GET_SCREEN_CATEGORY_CODE">
	<![CDATA[ 
		SELECT DISTINCT ITEMTYPE_CODE AS VALUE,ITEMTYPE_CODE AS TEXT FROM (SELECT P.itemtype_code FROM tb_multilang_master M, TB_SCREEN_MASTER S, Ow_itemtype P WHERE M.element_id = S.screen_id AND M.Product_doctype_id = P.itemtypeid AND M.entity_name = 'TxnScreen' AND M.Product_doctype_flag = 'P' UNION SELECT C.categorycode FROM tb_multilang_master M, TB_SCREEN_MASTER S, tb_category C WHERE M.element_id = S.screen_id AND M.Product_doctype_id = C.categoryid AND M.entity_name = 'TxnScreen' AND M.Product_doctype_flag = 'D' UNION SELECT U.CODE FROM tb_multilang_master M, TB_SCREEN_MASTER S, tb_uic_master U WHERE M.element_id = S.screen_id AND M.Product_doctype_id = U.UIC_id AND M.entity_name = 'TxnScreen' AND M.Product_doctype_flag = 'U' )
	]]>
	</query>
	
	<query name="EXT_GET_SCREEN_CATEGORY_CODE_PROD">
	<![CDATA[ 
		SELECT DISTINCT P.ITEMTYPE_CODE AS VALUE, P.ITEMTYPE_CODE AS TEXT FROM TB_MULTILANG_MASTER M, TB_SCREEN_MASTER S, OW_ITEMTYPE P WHERE M.ELEMENT_ID = S.SCREEN_ID AND S.ENC_ID = P.ITEMTYPEID AND P.ITEMTYPEID = M.PRODUCT_DOCTYPE_ID AND P.REFERENCE_DATA_ENTITY <> 'Y' AND P.APPLICATIONID = ? AND M.ENTITY_NAME = 'TxnScreen' AND M.PRODUCT_DOCTYPE_FLAG = 'P'
	]]>
	</query>
	
	<query name="EXT_GET_SCREEN_CATEGORY_CODE_REF">
	<![CDATA[ 
		SELECT DISTINCT P.ITEMTYPE_CODE AS VALUE, P.ITEMTYPE_CODE AS TEXT FROM TB_MULTILANG_MASTER M, TB_SCREEN_MASTER S, OW_ITEMTYPE P, TB_PRODUCT_REF_MASTER R WHERE M.ELEMENT_ID = S.SCREEN_ID AND S.ENC_ID = P.ITEMTYPEID AND P.ITEMTYPEID = M.PRODUCT_DOCTYPE_ID AND P.REFERENCE_DATA_ENTITY = 'Y' AND R.PRODUCT_ID = P.ITEMTYPEID AND P.APPLICATIONID = ? AND M.ENTITY_NAME = 'TxnScreen' AND M.PRODUCT_DOCTYPE_FLAG = 'P'
	]]>
	</query>
	
	<query name="EXT_GET_SCREEN_CATEGORY_CODE_DOC">
	<![CDATA[ 
		SELECT DISTINCT C.CATEGORYCODE AS VALUE, C.CATEGORYCODE AS TEXT FROM TB_MULTILANG_MASTER M, TB_SCREEN_MASTER S, TB_PRODUCT_DOCTYPE_MASTER PDM, OW_ITEMTYPE P, TB_CATEGORY C WHERE M.ELEMENT_ID = S.SCREEN_ID AND M.PRODUCT_DOCTYPE_ID = PDM.DOCTYPE_ID AND PDM.PRODUCT_ID = P.ITEMTYPEID AND PDM.DOCTYPE_ID = C.CATEGORYID AND S.ENC_ID = C.CATEGORYID AND P.APPLICATIONID = ? AND M.ENTITY_NAME = 'TxnScreen' AND M.PRODUCT_DOCTYPE_FLAG = 'D'
	]]>
	</query>
	
	<query name="EXT_GET_SCREEN_CATEGORY_CODE_ENQ">
	<![CDATA[ 
		SELECT DISTINCT E.ENQUIRY_CODE AS VALUE, E.ENQUIRY_CODE AS TEXT FROM TB_MULTILANG_MASTER M, TB_SCREEN_MASTER S, TB_ENQ_MASTER E WHERE M.ELEMENT_ID = S.SCREEN_ID AND M.PRODUCT_DOCTYPE_ID = E.ENQ_ID AND S.ENC_ID = E.ENQ_ID AND E.APPLICATIONID = ? AND M.ENTITY_NAME = 'TxnScreen' AND M.PRODUCT_DOCTYPE_FLAG = 'E'
	]]>
	</query>
	
	<query name="EXT_GET_SCREEN_CATEGORY_CODE_UIC">
	<![CDATA[ 
		SELECT DISTINCT U.COMPONENT_NAME AS VALUE, U.COMPONENT_NAME AS TEXT FROM TB_MULTILANG_MASTER M, TB_SCREEN_MASTER S, TB_UIC_MASTER U, (SELECT LU.UIC_ID FROM OW_ITEMTYPE P, TB_LINKED_UIC_MASTER LU WHERE P.ITEMTYPEID = LU.ENC_ID AND P.APPLICATIONID = ? UNION SELECT LU.UIC_ID FROM OW_ITEMTYPE P, TB_PRODUCT_DOCTYPE_MASTER LD, TB_CATEGORY C, TB_LINKED_UIC_MASTER LU WHERE LU.ENC_ID = C.CATEGORYID AND C.CATEGORYID = LD.DOCTYPE_ID AND LD.PRODUCT_ID = P.ITEMTYPEID AND P.APPLICATIONID = ? UNION SELECT LU.UIC_ID FROM TB_ENQ_MASTER E, TB_LINKED_UIC_MASTER LU WHERE E.ENQ_ID = LU.ENC_ID AND E.APPLICATIONID = ?) L WHERE M.ELEMENT_ID = S.SCREEN_ID AND M.PRODUCT_DOCTYPE_ID = L.UIC_ID AND L.UIC_ID = U.UIC_ID AND U.APPLICATIONID = ? AND M.ENTITY_NAME = 'TxnScreen' AND M.PRODUCT_DOCTYPE_FLAG = 'U'
	]]>
	</query>
	
	<query name="EXT_GET_SCREEN_CODE">
	<![CDATA[ 
		SELECT DISTINCT Screen_code AS VALUE,Screen_code AS TEXT FROM (SELECT S.Screen_code FROM tb_multilang_master M, TB_SCREEN_MASTER S, Ow_itemtype P WHERE M.element_id = S.screen_id AND M.Product_doctype_id = P.itemtypeid AND M.entity_name = 'TxnScreen' AND M.Product_doctype_flag = 'P' UNION SELECT S.Screen_code FROM tb_multilang_master M, TB_SCREEN_MASTER S, tb_category C WHERE M.element_id = S.screen_id AND M.Product_doctype_id = C.categoryid AND M.entity_name = 'TxnScreen' AND M.Product_doctype_flag = 'D' UNION SELECT S.Screen_code FROM tb_multilang_master M, TB_SCREEN_MASTER S, tb_uic_master U WHERE M.element_id = S.screen_id AND M.Product_doctype_id = U.UIC_id AND M.entity_name = 'TxnScreen' AND M.Product_doctype_flag = 'U' )	
	]]>
	</query>
	
	<query name="EXT_GET_SCREEN_CODE_PROD">
	<![CDATA[ 
		SELECT DISTINCT S.SCREEN_CODE AS VALUE, S.SCREEN_CODE AS TEXT FROM TB_MULTILANG_MASTER M, TB_SCREEN_MASTER S, OW_ITEMTYPE P WHERE M.ELEMENT_ID = S.SCREEN_ID AND S.ENC_ID = P.ITEMTYPEID AND P.ITEMTYPEID = M.PRODUCT_DOCTYPE_ID AND P.REFERENCE_DATA_ENTITY <> 'Y' AND P.APPLICATIONID = ? AND P.ITEMTYPE_CODE = ? AND M.ENTITY_NAME = 'TxnScreen' AND M.PRODUCT_DOCTYPE_FLAG = 'P'	
	]]>
	</query>
	
	<query name="EXT_GET_SCREEN_CODE_REF">
	<![CDATA[ 
		SELECT DISTINCT S.SCREEN_CODE AS VALUE, S.SCREEN_CODE AS TEXT FROM TB_MULTILANG_MASTER M, TB_SCREEN_MASTER S, OW_ITEMTYPE P, TB_PRODUCT_REF_MASTER R WHERE M.ELEMENT_ID = S.SCREEN_ID AND S.ENC_ID = P.ITEMTYPEID AND P.ITEMTYPEID = M.PRODUCT_DOCTYPE_ID AND P.REFERENCE_DATA_ENTITY = 'Y' AND R.PRODUCT_ID = P.ITEMTYPEID AND P.APPLICATIONID = ? AND P.ITEMTYPE_CODE = ? AND M.ENTITY_NAME = 'TxnScreen' AND M.PRODUCT_DOCTYPE_FLAG = 'P'	
	]]>
	</query>
	
	<query name="EXT_GET_SCREEN_CODE_DOC">
	<![CDATA[ 
		SELECT DISTINCT S.SCREEN_CODE AS VALUE, S.SCREEN_CODE AS TEXT FROM TB_MULTILANG_MASTER M, TB_SCREEN_MASTER S, TB_PRODUCT_DOCTYPE_MASTER PDM, OW_ITEMTYPE P, TB_CATEGORY C WHERE M.ELEMENT_ID = S.SCREEN_ID AND M.PRODUCT_DOCTYPE_ID = PDM.DOCTYPE_ID AND PDM.PRODUCT_ID = P.ITEMTYPEID AND PDM.DOCTYPE_ID = C.CATEGORYID AND S.ENC_ID = C.CATEGORYID AND P.APPLICATIONID = ? AND C.CATEGORYCODE = ? AND M.ENTITY_NAME = 'TxnScreen' AND M.PRODUCT_DOCTYPE_FLAG = 'D'	
	]]>
	</query>
	
	<query name="EXT_GET_SCREEN_CODE_ENQ">
	<![CDATA[ 
		SELECT DISTINCT S.SCREEN_CODE AS VALUE, S.SCREEN_CODE AS TEXT FROM TB_MULTILANG_MASTER M, TB_SCREEN_MASTER S, TB_ENQ_MASTER E WHERE M.ELEMENT_ID = S.SCREEN_ID AND M.PRODUCT_DOCTYPE_ID = E.ENQ_ID AND S.ENC_ID = E.ENQ_ID AND E.APPLICATIONID = ? AND E.ENQUIRY_CODE = ? AND M.ENTITY_NAME = 'TxnScreen' AND M.PRODUCT_DOCTYPE_FLAG = 'E'	
	]]>
	</query>
	
	<query name="EXT_GET_SCREEN_CODE_UIC">
	<![CDATA[ 
		SELECT DISTINCT S.SCREEN_CODE AS VALUE, S.SCREEN_CODE AS TEXT FROM TB_MULTILANG_MASTER M, TB_SCREEN_MASTER S, TB_UIC_MASTER U, (SELECT LU.UIC_ID FROM OW_ITEMTYPE P, TB_LINKED_UIC_MASTER LU WHERE P.ITEMTYPEID = LU.ENC_ID AND P.APPLICATIONID = ? UNION SELECT LU.UIC_ID FROM OW_ITEMTYPE P, TB_PRODUCT_DOCTYPE_MASTER LD, TB_CATEGORY C, TB_LINKED_UIC_MASTER LU WHERE LU.ENC_ID = C.CATEGORYID AND C.CATEGORYID = LD.DOCTYPE_ID AND LD.PRODUCT_ID = P.ITEMTYPEID AND P.APPLICATIONID = ? UNION SELECT LU.UIC_ID FROM TB_ENQ_MASTER E, TB_LINKED_UIC_MASTER LU WHERE E.ENQ_ID = LU.ENC_ID AND E.APPLICATIONID = ?) L WHERE M.ELEMENT_ID = S.SCREEN_ID AND M.PRODUCT_DOCTYPE_ID = L.UIC_ID AND L.UIC_ID = U.UIC_ID AND U.APPLICATIONID = ? AND U.COMPONENT_NAME = ? AND M.ENTITY_NAME = 'TxnScreen' AND M.PRODUCT_DOCTYPE_FLAG = 'U'	
	]]>
	</query>
	
	<query name="EXT_GET_PROCESS_LABELS">
	<![CDATA[ 
		SELECT PROCESSLABEL AS VALUE, PROCESSLABEL AS TEXT FROM OW_PROCESS WHERE APPLICATIONID = ?	
	]]>
	</query>
	
	<query name="EXT_GET_PROCESS_TASK_LABELS">
	<![CDATA[ 
		SELECT DISTINCT TASKLABEL AS VALUE, TASKLABEL AS TEXT FROM OW_TASK WHERE PROCESSID = (SELECT PROCESSID FROM OW_PROCESS WHERE PROCESSLABEL = ? AND APPLICATIONID = ?)	
	]]>
	</query>
	
	<query name="EXT_GET_PROCESS_QUEUE_LABELS">
	<![CDATA[ 
		SELECT DISTINCT QUEUELABEL AS VALUE, QUEUELABEL AS TEXT FROM OW_QUEUE WHERE TASKID = (SELECT TASKID FROM OW_TASK WHERE TASKLABEL = ? AND PROCESSID = (SELECT PROCESSID FROM OW_PROCESS WHERE PROCESSLABEL = ? AND APPLICATIONID = ?))	
	]]>
	</query>
	
	<query name="EXT_GET_PROCESS_ELEM_PROPS">
	<![CDATA[ 
		SELECT DISTINCT ENTITY_PROPERTY AS VALUE, ENTITY_PROPERTY AS TEXT FROM TB_MULTILANG_MASTER WHERE ENTITY_NAME = ?	
	]]>
	</query>
	
	<query name="EXT_GET_SCR_ELEMENT_PROPERTY">
	<![CDATA[ 
		SELECT DISTINCT entity_property AS VALUE,entity_property AS TEXT FROM (SELECT M.entity_property FROM tb_multilang_master M, TB_SCREEN_MASTER S, Ow_itemtype P WHERE M.element_id = S.screen_id AND M.Product_doctype_id = P.itemtypeid AND M.entity_name = 'TxnScreen' AND M.Product_doctype_flag = 'P' UNION SELECT M.entity_property FROM tb_multilang_master M, TB_SCREEN_MASTER S, tb_category C WHERE M.element_id = S.screen_id AND M.Product_doctype_id = C.categoryid AND M.entity_name = 'TxnScreen' AND M.Product_doctype_flag = 'D' UNION SELECT M.entity_property FROM tb_multilang_master M, TB_SCREEN_MASTER S, tb_uic_master U WHERE M.element_id = S.screen_id AND M.Product_doctype_id = U.UIC_id AND M.entity_name = 'TxnScreen' AND M.Product_doctype_flag = 'U' )	
	]]>
	</query>
	
	<query name="FKEY_GETWORKSPACES">
	<![CDATA[ 
		SELECT  element_key as value , value as text from tb_multilang_master m, tb_workspace w where m.entity_name    ='Workspace'and M.entity_property  = 'workspaceName' and m.lang_code        = 'en_US' and m.element_key      = W.workspace_code
	]]>
	</query>
	
	<query name="FKEY_GET_LANG_DD">
	<![CDATA[ 
		Select LANG_CODE as value,LANG_NAME as text from V_LANGUAGE_MASTER
	]]>
	</query>
	
	<query name="FKEY_GET_PROCESS">
	<![CDATA[ 
		Select processCode as value,processCode as text from OW_Process where processCode is not null
	]]>
	</query>
	
	<query name="EXT_ENTITY_MANDATE">
	<![CDATA[ 
		select MANDATE AS value,MANDATE AS text from TB_ENTITY WHERE entity_code=?
	]]>
	</query>
	
	<include file="widget_query.xml" />
	
</queries>